{
  ".": 2.268700122833252,
  "ADJ": 0.7637912034988403,
  "ADP": 2.3166205883026123,
  "ADV": 0.381348580121994,
  "CONJ": 2.639739990234375,
  "DET": 2.424225330352783,
  "NOUN": 0.9886054992675781,
  "NUM": 1.9894357919692993,
  "PRON": 2.252187490463257,
  "PRT": 0.5346438884735107,
  "VERB": 2.3529856204986572,
  "X": 2.4003353118896484
}