{
  "ADJ": 2.709275722503662,
  "ADP": 2.2881669998168945,
  "ADV": 2.307227611541748,
  "CONJ": 2.052988290786743,
  "DET": 2.431614398956299,
  "NOUN": 2.4573404788970947,
  "NUM": 1.9044384956359863,
  "PRT": 1.4256900548934937,
  "PRON": 1.7173707485198975,
  "VERB": 2.312072277069092,
  ".": 2.160618507862091,
  "X": 2.160618507862091
}